Country,Region,Number,GDP per capita,Ranking
Trinidad and Tobago,Latin America and Caribbean,87,1.326,1
Myanmar,Southeastern Asia,37.9,0.341,2
Turkey,Middle East and Northern Africa,32.8,1.165,3
Somaliland,Sub-Saharan Africa,30,0.256,4
Somalia,Sub-Saharan Africa,29.5,0,5
South Africa,Sub-Saharan Africa,27.2,1.024,6
Canada,North America,24.2,1.44,7
United States of America,North America,24,1.508,8
Ukraine,Central and Eastern Europe,22,0.873,9
Sierra Leone,Sub-Saharan Africa,21.7,0.365,10
Uganda,Sub-Saharan Africa,21.3,0.347,11
Zambia,Sub-Saharan Africa,21,0.612,12
Ce d'Ivoire,Sub-Saharan Africa,21,0.555,13
United Arab Emirates,Middle East and Northern Africa,20,1.574,14
Bosnia and Herzegovina,Central and Eastern Europe,19.3,0.934,15
Nigeria,Sub-Saharan Africa,18.7,0.752,16
Costa Rica,Latin America and Caribbean,17.8,1.069,17
Serbia,Central and Eastern Europe,17.5,1.034,18
Australia,Australia and New Zealand,17.4,1.444,19
Ghana,Sub-Saharan Africa,16.8,0.631,20
Nicaragua,Latin America and Caribbean,16.4,0.694,21
Uruguay,Latin America and Caribbean,15.9,1.182,22
Kosovo,Central and Eastern Europe,15.7,0.901,23
Benin,Sub-Saharan Africa,15.5,0.395,24
Latvia,Central and Eastern Europe,15.2,1.218,25
Liberia,Sub-Saharan Africa,14.9,0.107,26
Tanzania,Sub-Saharan Africa,14.8,0.472,27
Georgia,Central and Eastern Europe,14.4,0.838,28
Denmark,Western Europe,14.1,1.442,29
Czechia,Central and Eastern Europe,14,1.309,30
Croatia,Central and Eastern Europe,13.7,1.186,31
Greece,Western Europe,13.4,1.249,32
Honduras,Latin America and Caribbean,13,0.694,33
Hong Kong,Eastern Asia,13,1.511,34
Romania,Central and Eastern Europe,13,1.17,35
Libya,Middle East and Northern Africa,13,1.067,36
Belize,Latin America and Caribbean,12.2,0.876,37
Philippines,Southeastern Asia,12.1,0.812,38
Kyrgyzstan,Central and Eastern Europe,12,0.56,39
Cyprus,Western Europe,11.9,1.319,40
Jordan,Middle East and Northern Africa,11.7,0.997,41
Kazakhstan,Central and Eastern Europe,11.5,1.229,42
India,Southern Asia,10.9,0.74,43
Madagascar,Sub-Saharan Africa,10.7,0.28,44
Cameroon,Sub-Saharan Africa,10.5,0.525,45
Italy,Western Europe,10.5,1.355,46
Turkmenistan,Central and Eastern Europe,10.2,1.08,47
Ecuador,Latin America and Caribbean,10,0.973,48
Portugal,Western Europe,10,1.276,49
North Cyprus,Western Europe,10,1.311,50
Niger,Sub-Saharan Africa,9.8,0.133,51
Burkina Faso,Sub-Saharan Africa,9.7,0.32,52
Tunisia,Middle East and Northern Africa,9.6,0.977,53
El Salvador,Latin America and Caribbean,9.6,0.874,54
Lebanon,Middle East and Northern Africa,9.4,1.123,55
Hungary,Central and Eastern Europe,9.3,1.241,56
Mauritius,Sub-Saharan Africa,9.3,1.144,57
Estonia,Central and Eastern Europe,9.2,1.28,58
Luxembourg,Western Europe,9.2,1.698,59
Jamaica,Latin America and Caribbean,9,0.893,60
Thailand,Southeastern Asia,8.9,1.089,61
Slovakia,Central and Eastern Europe,8.6,1.28,62
Norway,Western Europe,8.6,1.577,63
Macedonia,Central and Eastern Europe,8.5,1.019,64
Ireland,Western Europe,8.3,1.483,65
Albania,Central and Eastern Europe,8.3,0.955,66
Bahrain,Middle East and Northern Africa,8.3,1.44,67
Zimbabwe,Sub-Saharan Africa,8.2,0.35,68
Egypt,Middle East and Northern Africa,8.2,0.954,69
Malaysia,Southeastern Asia,8.2,1.251,70
Israel,Middle East and Northern Africa,8.1,1.338,71
Togo,Sub-Saharan Africa,8,0.281,72
Belarus,Central and Eastern Europe,8,1.131,73
Botswana,Sub-Saharan Africa,8,1.094,74
Brazil,Latin America and Caribbean,7.8,1.088,75
Kenya,Sub-Saharan Africa,7.8,0.523,76
Burundi,Sub-Saharan Africa,7.7,0.068,77
Germany,Western Europe,7.7,1.448,78
Sweden,Western Europe,7.4,1.452,79
Mauritania,Sub-Saharan Africa,7.3,0.614,80
Malawi,Sub-Saharan Africa,7.2,0.087,81
United Kingdom,Western Europe,7.2,1.403,82
Mali,Sub-Saharan Africa,7.1,0.313,83
Palestinian Territories,Middle East and Northern Africa,7,0.67,84
S. Sudan,Sub-Saharan Africa,7,0.394,85
Iraq,Middle East and Northern Africa,7,1.075,86
Finland,Western Europe,6.7,1.406,87
China,Eastern Asia,6.6,1.028,88
Rwanda,Sub-Saharan Africa,6.6,0.328,89
Ethiopia,Sub-Saharan Africa,6.5,0.293,90
Bolivia,Latin America and Caribbean,6.4,0.794,91
Indonesia,Southeastern Asia,6.4,0.951,92
New Zealand,Australia and New Zealand,6.4,1.361,93
Pakistan,Southern Asia,6.3,0.688,94
Argentina,Latin America and Caribbean,6.2,1.151,95
Puerto Rico,Latin America and Caribbean,6.2,1.359,96
Tajikistan,Central and Eastern Europe,6.2,0.488,97
Taiwan,Eastern Asia,6.1,1.397,98
Switzerland,Western Europe,6,1.527,99
Azerbaijan,Central and Eastern Europe,6,1.124,100
Chile,Latin America and Caribbean,6,1.217,101
Colombia,Latin America and Caribbean,6,1.03,102
Paraguay,Latin America and Caribbean,6,0.894,103
Chad,Sub-Saharan Africa,5.8,0.422,104
Syria,Middle East and Northern Africa,5.7,0.747,105
Bangladesh,Southern Asia,5.7,0.542,106
Montenegro,Central and Eastern Europe,5.7,1.078,107
Angola,Sub-Saharan Africa,5.7,0.847,108
Spain,Western Europe,5.6,1.343,109
Yemen,Middle East and Northern Africa,5.6,0.579,110
Gabon,Sub-Saharan Africa,5.5,1.159,111
Kuwait,Middle East and Northern Africa,5.5,1.617,112
Uzbekistan,Central and Eastern Europe,5.5,0.736,113
Singapore,Southeastern Asia,5.4,1.646,114
Russia,Central and Eastern Europe,5.2,1.232,115
Slovenia,Central and Eastern Europe,5.1,1.299,116
Dominican Rep.,Latin America and Caribbean,5,1.028,117
Nepal,Southern Asia,5,0.446,118
Suriname,Latin America and Caribbean,5,1.097,119
Namibia,Sub-Saharan Africa,5,0.933,120
Malta,Western Europe,4.9,1.308,121
Armenia,Central and Eastern Europe,4.7,0.861,122
Mexico,Latin America and Caribbean,4.7,1.115,123
Haiti,Latin America and Caribbean,4.6,0.341,124
Vietnam,Southeastern Asia,4.6,0.74,125
Dem. Rep. Congo,Sub-Saharan Africa,4.5,0.057,126
Sudan,Sub-Saharan Africa,4.5,0.631,127
Austria,Western Europe,4.2,1.45,128
France,Western Europe,4.2,1.395,129
Algeria,Middle East and Northern Africa,4,1.053,130
Bhutan,Southern Asia,4,0.853,131
Guinea,Sub-Saharan Africa,4,0.224,132
Mongolia,Eastern Asia,4,0.989,133
Morocco,Middle East and Northern Africa,4,0.841,134
Qatar,Middle East and Northern Africa,4,1.824,135
Laos,Southeastern Asia,4,0.68,136
Cambodia,Southeastern Asia,3.6,0.556,137
Bulgaria,Central and Eastern Europe,3.4,1.113,138
Poland,Central and Eastern Europe,3.4,1.246,139
Japan,Eastern Asia,3.2,1.38,140
Venezuela,Latin America and Caribbean,3.1,1.134,141
Peru,Latin America and Caribbean,3,0.996,142
Sri Lanka,Southern Asia,2.7,0.973,143
Congo,Sub-Saharan Africa,2.6,0.771,144
Iran,Middle East and Northern Africa,2.6,1.118,145
South Korea,Eastern Asia,2.6,1.359,146
Panama,Latin America and Caribbean,2.4,1.183,147
Saudi Arabia,Middle East and Northern Africa,2.2,1.49,148
Guatemala,Latin America and Caribbean,2,0.835,149
Iceland,Western Europe,2,1.427,150
Lithuania,Central and Eastern Europe,2,1.269,151
Netherlands,Western Europe,2,1.465,152
Afghanistan,Southern Asia,2,0.382,153
Senegal,Sub-Saharan Africa,1.5,0.443,154
Moldova,Central and Eastern Europe,1,0.692,155
Comoros,Sub-Saharan Africa,0.6,0.275,156
Belgium,Western Europe,0.5,1.425,157